{
  "users": [
    {
      "id": "3d33",
      "nombre": "jaajskd",
      "apellido": "ajksdjas",
      "email": "jaskda@mas.com",
      "password": "ajsdkasjd",
      "cedula": "11021"
    },
    {
      "id": "b49e",
      "nombre": "juan",
      "apellido": "ajsdka",
      "email": "pepe@gmail.com",
      "password": "123",
      "cedula": "1213"
    },
    {
      "id": "4eb3",
      "nombre": "jajajaaj",
      "apellido": "ansdjas",
      "email": "oelo@gmail.com",
      "password": "1234",
      "cedula": "1231231"
    },
    {
      "id": "5a59",
      "nombre": "juan",
      "apellido": "jasdas",
      "email": "hghjk@gmail.com",
      "password": "123",
      "cedula": "1213"
    }
  ]
}
